{
  "acc_raw": 0.0895,
  "acc_jepa_lr": 0.1414,
  "acc_jepa_mlp": 0.1725,
  "f1_raw": 0.06483973318616736,
  "f1_jepa": 0.12232741188915688,
  "precision_raw": 0.0664160638802862,
  "precision_jepa": 0.11960099944740264,
  "recall_raw": 0.0895,
  "recall_jepa": 0.1414,
  "label_efficiency": {
    "0.01": {
      "raw": 0.0263,
      "jepa": 0.0479,
      "n": 1000
    },
    "0.02": {
      "raw": 0.0333,
      "jepa": 0.0568,
      "n": 2000
    },
    "0.05": {
      "raw": 0.0494,
      "jepa": 0.0802,
      "n": 5000
    },
    "0.1": {
      "raw": 0.0591,
      "jepa": 0.0971,
      "n": 10000
    },
    "0.2": {
      "raw": 0.0692,
      "jepa": 0.1142,
      "n": 20000
    },
    "0.5": {
      "raw": 0.0841,
      "jepa": 0.1322,
      "n": 50000
    },
    "1.0": {
      "raw": 0.0895,
      "jepa": 0.1414,
      "n": 100000
    }
  },
  "dataset": "tinyimagenet",
  "params": 2475776,
  "confusion_matrix_summary": {
    "shape": [
      200,
      200
    ],
    "overall_accuracy": 0.1414,
    "per_class_acc_mean": 0.1414,
    "per_class_acc_std": 0.13346924739429677
  }
}