{
  "acc_raw": 0.8757,
  "acc_jepa_lr": 0.8827,
  "acc_jepa_mlp": 0.8946,
  "f1_raw": 0.8754188947918987,
  "f1_jepa": 0.8823783549669404,
  "precision_raw": 0.8753495823683235,
  "precision_jepa": 0.8822555768166529,
  "recall_raw": 0.8757,
  "recall_jepa": 0.8827,
  "confusion_matrix": [
    [
      907,
      5,
      22,
      7,
      6,
      0,
      6,
      7,
      33,
      7
    ],
    [
      7,
      950,
      0,
      1,
      0,
      0,
      3,
      1,
      5,
      33
    ],
    [
      25,
      1,
      848,
      19,
      43,
      14,
      36,
      8,
      5,
      1
    ],
    [
      7,
      3,
      37,
      758,
      19,
      108,
      34,
      21,
      9,
      4
    ],
    [
      7,
      1,
      38,
      33,
      857,
      12,
      23,
      25,
      2,
      2
    ],
    [
      4,
      1,
      19,
      104,
      21,
      821,
      7,
      22,
      0,
      1
    ],
    [
      6,
      1,
      24,
      18,
      15,
      7,
      924,
      2,
      2,
      1
    ],
    [
      3,
      0,
      10,
      13,
      42,
      32,
      1,
      896,
      0,
      3
    ],
    [
      29,
      12,
      7,
      0,
      0,
      2,
      2,
      1,
      939,
      8
    ],
    [
      7,
      49,
      1,
      1,
      0,
      0,
      3,
      2,
      10,
      927
    ]
  ],
  "label_efficiency": {
    "0.01": {
      "raw": 0.7372,
      "jepa": 0.7406,
      "n": 500
    },
    "0.02": {
      "raw": 0.7764,
      "jepa": 0.7879,
      "n": 1000
    },
    "0.05": {
      "raw": 0.7968,
      "jepa": 0.8217,
      "n": 2500
    },
    "0.1": {
      "raw": 0.8046,
      "jepa": 0.8378,
      "n": 5000
    },
    "0.2": {
      "raw": 0.8251,
      "jepa": 0.8491,
      "n": 10000
    },
    "0.5": {
      "raw": 0.8597,
      "jepa": 0.8694,
      "n": 25000
    },
    "1.0": {
      "raw": 0.8757,
      "jepa": 0.8827,
      "n": 50000
    }
  },
  "dataset": "cifar10",
  "params": 5782656
}