{
  "acc_raw": 0.431625,
  "acc_jepa_lr": 0.497875,
  "acc_jepa_mlp": 0.5015,
  "f1_raw": 0.42327963260183044,
  "f1_jepa": 0.4964418409055919,
  "precision_raw": 0.4276133134652603,
  "precision_jepa": 0.49724906662468116,
  "recall_raw": 0.431625,
  "recall_jepa": 0.497875,
  "confusion_matrix": [
    [
      503,
      55,
      56,
      7,
      10,
      4,
      21,
      1,
      110,
      33
    ],
    [
      43,
      324,
      18,
      69,
      102,
      71,
      51,
      97,
      15,
      10
    ],
    [
      33,
      11,
      571,
      6,
      2,
      16,
      22,
      6,
      24,
      109
    ],
    [
      4,
      69,
      16,
      259,
      109,
      134,
      80,
      111,
      10,
      8
    ],
    [
      10,
      59,
      4,
      92,
      358,
      68,
      105,
      95,
      9,
      0
    ],
    [
      7,
      53,
      12,
      129,
      139,
      222,
      104,
      113,
      14,
      7
    ],
    [
      7,
      32,
      32,
      51,
      95,
      68,
      355,
      113,
      16,
      31
    ],
    [
      1,
      65,
      6,
      99,
      103,
      70,
      81,
      358,
      7,
      10
    ],
    [
      98,
      15,
      38,
      6,
      1,
      7,
      13,
      2,
      524,
      96
    ],
    [
      42,
      13,
      101,
      12,
      6,
      10,
      35,
      9,
      63,
      509
    ]
  ],
  "label_efficiency": {
    "0.01": {
      "raw": 0.23525,
      "jepa": 0.276125,
      "n": 50
    },
    "0.02": {
      "raw": 0.2505,
      "jepa": 0.336875,
      "n": 100
    },
    "0.05": {
      "raw": 0.29825,
      "jepa": 0.37625,
      "n": 250
    },
    "0.1": {
      "raw": 0.33825,
      "jepa": 0.418,
      "n": 500
    },
    "0.2": {
      "raw": 0.374875,
      "jepa": 0.45325,
      "n": 1000
    },
    "0.5": {
      "raw": 0.401875,
      "jepa": 0.479125,
      "n": 2500
    },
    "1.0": {
      "raw": 0.431625,
      "jepa": 0.497875,
      "n": 5000
    }
  },
  "dataset": "stl10",
  "params": 2475776
}