{
  "acc_raw": 0.4209,
  "acc_jepa_lr": 0.5011,
  "acc_jepa_mlp": 0.5631,
  "f1_raw": 0.4139267162281544,
  "f1_jepa": 0.4968395522149608,
  "precision_raw": 0.41560609230891393,
  "precision_jepa": 0.49599588256485994,
  "recall_raw": 0.4209,
  "recall_jepa": 0.5011,
  "confusion_matrix": [
    [
      545,
      63,
      53,
      32,
      13,
      20,
      19,
      26,
      181,
      48
    ],
    [
      49,
      588,
      6,
      17,
      13,
      11,
      21,
      33,
      65,
      197
    ],
    [
      70,
      20,
      321,
      83,
      144,
      114,
      114,
      77,
      42,
      15
    ],
    [
      27,
      27,
      84,
      312,
      69,
      224,
      114,
      74,
      28,
      41
    ],
    [
      29,
      8,
      72,
      59,
      473,
      64,
      153,
      93,
      28,
      21
    ],
    [
      20,
      15,
      79,
      189,
      59,
      450,
      57,
      88,
      26,
      17
    ],
    [
      13,
      19,
      67,
      56,
      95,
      31,
      653,
      40,
      9,
      17
    ],
    [
      33,
      58,
      46,
      78,
      83,
      81,
      57,
      483,
      20,
      61
    ],
    [
      119,
      73,
      20,
      18,
      29,
      19,
      5,
      19,
      624,
      74
    ],
    [
      37,
      206,
      10,
      21,
      21,
      14,
      20,
      48,
      61,
      562
    ]
  ],
  "label_efficiency": {
    "0.01": {
      "raw": 0.3042,
      "jepa": 0.3816,
      "n": 500
    },
    "0.02": {
      "raw": 0.3296,
      "jepa": 0.4138,
      "n": 1000
    },
    "0.05": {
      "raw": 0.3627,
      "jepa": 0.4506,
      "n": 2500
    },
    "0.1": {
      "raw": 0.3844,
      "jepa": 0.469,
      "n": 5000
    },
    "0.2": {
      "raw": 0.3923,
      "jepa": 0.4784,
      "n": 10000
    },
    "0.5": {
      "raw": 0.4116,
      "jepa": 0.4959,
      "n": 25000
    },
    "1.0": {
      "raw": 0.4209,
      "jepa": 0.5011,
      "n": 50000
    }
  },
  "dataset": "cifar10",
  "params": 2475776
}