{
  "acc_raw": 0.899125,
  "acc_jepa_lr": 0.940875,
  "acc_jepa_mlp": 0.93175,
  "f1_raw": 0.8993149261221741,
  "f1_jepa": 0.9409570697326793,
  "precision_raw": 0.8996918911224926,
  "precision_jepa": 0.941110439972083,
  "recall_raw": 0.899125,
  "recall_jepa": 0.940875,
  "confusion_matrix": [
    [
      770,
      4,
      5,
      1,
      1,
      1,
      1,
      0,
      9,
      8
    ],
    [
      3,
      761,
      0,
      8,
      3,
      8,
      0,
      17,
      0,
      0
    ],
    [
      3,
      1,
      761,
      1,
      1,
      1,
      2,
      0,
      0,
      30
    ],
    [
      0,
      2,
      0,
      713,
      24,
      44,
      3,
      13,
      0,
      1
    ],
    [
      2,
      6,
      0,
      19,
      738,
      12,
      20,
      2,
      1,
      0
    ],
    [
      0,
      4,
      0,
      43,
      11,
      723,
      13,
      6,
      0,
      0
    ],
    [
      5,
      6,
      0,
      2,
      19,
      18,
      747,
      2,
      0,
      1
    ],
    [
      0,
      7,
      0,
      15,
      4,
      7,
      1,
      766,
      0,
      0
    ],
    [
      5,
      0,
      1,
      0,
      1,
      1,
      0,
      1,
      784,
      7
    ],
    [
      6,
      0,
      17,
      2,
      0,
      1,
      1,
      0,
      9,
      764
    ]
  ],
  "label_efficiency": {
    "0.01": {
      "raw": 0.54775,
      "jepa": 0.677375,
      "n": 50
    },
    "0.02": {
      "raw": 0.66625,
      "jepa": 0.78225,
      "n": 100
    },
    "0.05": {
      "raw": 0.765375,
      "jepa": 0.85975,
      "n": 250
    },
    "0.1": {
      "raw": 0.822875,
      "jepa": 0.896,
      "n": 500
    },
    "0.2": {
      "raw": 0.856875,
      "jepa": 0.921125,
      "n": 1000
    },
    "0.5": {
      "raw": 0.888125,
      "jepa": 0.9375,
      "n": 2500
    },
    "1.0": {
      "raw": 0.899125,
      "jepa": 0.940875,
      "n": 5000
    }
  },
  "dataset": "stl10",
  "params": 5782656
}