{
  "dataset": "pancreas",
  "acc_jepa": 0.7543859649122807,
  "f1_jepa": 0.7409290271132377,
  "acc_raw": 0.7719298245614035,
  "delta": -0.01754385964912275
}