{
  "acc_raw": 0.899125,
  "acc_jepa_lr": 0.9,
  "acc_jepa_mlp": 0.878875,
  "label_efficiency": {
    "0.01": {
      "raw": 0.54775,
      "jepa": 0.551625,
      "n": 50
    },
    "0.02": {
      "raw": 0.66625,
      "jepa": 0.6725,
      "n": 100
    },
    "0.05": {
      "raw": 0.765375,
      "jepa": 0.775,
      "n": 250
    },
    "0.1": {
      "raw": 0.822875,
      "jepa": 0.8235,
      "n": 500
    },
    "0.2": {
      "raw": 0.856875,
      "jepa": 0.853,
      "n": 1000
    },
    "0.5": {
      "raw": 0.888125,
      "jepa": 0.884875,
      "n": 2500
    },
    "1.0": {
      "raw": 0.899125,
      "jepa": 0.9,
      "n": 5000
    }
  },
  "dataset": "stl10",
  "params": 5782656
}