{
  "acc_raw": 0.0094324280370792,
  "acc_jepa_lr": 0.7451618149292568,
  "acc_jepa_mlp": 0.6617336152219874,
  "dataset": "flowers102",
  "params": 2511104
}