{
  "acc_raw": 0.023416711016498136,
  "acc_jepa_lr": 0.5465673230441724,
  "acc_jepa_mlp": 0.5449707291112293,
  "dataset": "dtd",
  "params": 2511104
}