{
  "dataset": "lits",
  "acc_jepa": 0.6285714285714286,
  "f1_jepa": 0.6477635691957943,
  "acc_raw": 0.7542857142857143,
  "delta": -0.12571428571428578
}