{
  "raw": 0.37075,
  "jepa": 0.496625,
  "in_dim": 43,
  "prev": 0.189
}