{
  "real": 0.715875,
  "random": 0.753875,
  "no_edge": 0.696625
}